{"count":1,"gauges":{},"self":8.8429568,"total":9.5207076999999991,"children":{"AgentResetIfDone":{"count":455,"self":0.0049949999999999994,"total":0.0049949999999999994,"children":null},"AgentSendState":{"count":455,"self":0.0155181,"total":0.0401589,"children":{"CollectObservations":{"count":455,"self":0.024640799999999997,"total":0.024640799999999997,"children":null}}},"DecideAction":{"count":455,"self":0.6276028,"total":0.6276028,"children":null},"AcademyStep":{"count":455,"self":0,"total":0,"children":null},"AgentAct":{"count":455,"self":0.0039946999999999995,"total":0.0039946999999999995,"children":null}}}