{"count":1,"gauges":{},"self":24.3535968,"total":26.2013593,"children":{"AgentResetIfDone":{"count":1286,"self":0.0089956999999999988,"total":0.0089956999999999988,"children":null},"AgentSendState":{"count":1286,"self":0.0379664,"total":0.1069207,"children":{"CollectObservations":{"count":1286,"self":0.0689543,"total":0.0689543,"children":null}}},"DecideAction":{"count":1286,"self":1.7178596,"total":1.7178594999999999,"children":null},"AcademyStep":{"count":1286,"self":0.00099969999999999985,"total":0.00099969999999999985,"children":null},"AgentAct":{"count":1286,"self":0.0109892,"total":0.0109892,"children":null}}}